ledger	adapter/arcaeon_adapter/__init__.py	arcaeon/record/adapter/__init__.py
ledger	adapter/arcaeon_adapter/__main__.py	arcaeon/record/adapter/__main__.py
ledger	adapter/arcaeon_adapter/_echo_server.py	arcaeon/record/adapter/_echo_server.py
ledger	adapter/arcaeon_adapter/_ledger.py	arcaeon/record/adapter/_ledger.py
ledger	adapter/arcaeon_adapter/_version.py	arcaeon/record/adapter/_version.py
ledger	adapter/arcaeon_adapter/http_forward.py	arcaeon/record/adapter/http_forward.py
ledger	adapter/arcaeon_adapter/observer.py	arcaeon/record/adapter/observer.py
ledger	adapter/arcaeon_adapter/proxy.py	arcaeon/record/adapter/proxy.py
ledger	adapter/arcaeon_adapter/selftest.py	arcaeon/record/adapter/selftest.py
ledger	adapter/arcaeon_adapter/tape.py	arcaeon/record/adapter/tape.py
ledger	arcaeon_ledger/__init__.py	arcaeon/record/ledger/__init__.py
ledger	arcaeon_ledger/adversarial.py	arcaeon/record/ledger/adversarial.py
ledger	arcaeon_ledger/artefact.py	arcaeon/record/ledger/artefact.py
ledger	arcaeon_ledger/bundle.py	arcaeon/record/ledger/bundle.py
ledger	arcaeon_ledger/cli.py	arcaeon/record/ledger/cli.py
ledger	arcaeon_ledger/mcp_server.py	arcaeon/record/ledger/mcp_server.py
ledger	arcaeon_ledger/mutation_harness.py	arcaeon/record/ledger/mutation_harness.py
ledger	arcaeon_ledger/reconcile.py	arcaeon/prove/reconcile.py
ledger	arcaeon_ledger/selftest.py	arcaeon/record/ledger/selftest.py
ledger	arcaeon_ledger/tape_pin.py	arcaeon/record/ledger/tape_pin.py
ledger	arcaeon_ledger/witness.py	arcaeon/record/ledger/witness.py
receipt	arcaeon_receipt/__init__.py	arcaeon/record/receipt/__init__.py
receipt	arcaeon_receipt/approval.py	arcaeon/record/receipt/approval.py
receipt	arcaeon_receipt/approval_mcp.py	arcaeon/record/receipt/approval_mcp.py
receipt	arcaeon_receipt/archive.py	arcaeon/record/receipt/archive.py
receipt	arcaeon_receipt/authorship.py	arcaeon/record/receipt/authorship.py
receipt	arcaeon_receipt/authorship_ingest.py	arcaeon/record/receipt/authorship_ingest.py
receipt	arcaeon_receipt/authorship_mcp.py	arcaeon/record/receipt/authorship_mcp.py
receipt	arcaeon_receipt/ballot.py	arcaeon/record/receipt/ballot.py
receipt	arcaeon_receipt/call.py	arcaeon/record/receipt/call.py
receipt	arcaeon_receipt/call_mcp.py	arcaeon/record/receipt/call_mcp.py
receipt	arcaeon_receipt/call_proxy.py	arcaeon/record/receipt/call_proxy.py
receipt	arcaeon_receipt/cite.py	arcaeon/record/receipt/cite.py
receipt	arcaeon_receipt/cite_batch.py	arcaeon/record/receipt/cite_batch.py
receipt	arcaeon_receipt/cite_extract.py	arcaeon/record/receipt/cite_extract.py
receipt	arcaeon_receipt/cite_mcp.py	arcaeon/record/receipt/cite_mcp.py
receipt	arcaeon_receipt/cli.py	arcaeon/record/receipt/cli.py
receipt	arcaeon_receipt/core.py	arcaeon/record/receipt/core.py
receipt	arcaeon_receipt/roster_report.py	arcaeon/record/receipt/roster_report.py
receipt	arcaeon_receipt/verify_batch.py	arcaeon/record/receipt/verify_batch.py
once	arcaeon_once/__init__.py	arcaeon/record/once/__init__.py
once	arcaeon_once/_ledger.py	arcaeon/record/call_record.py
once	arcaeon_once/cli.py	arcaeon/record/once/cli.py
once	arcaeon_once/mcp_server.py	arcaeon/record/once/mcp_server.py
once	arcaeon_once/selftest.py	arcaeon/record/once/selftest.py
audit	arcaeon_audit/__init__.py	arcaeon/prove/audit/__init__.py
audit	arcaeon_audit/cli.py	arcaeon/prove/audit/cli.py
compact	arcaeon_compact/__init__.py	arcaeon/prove/compact/__init__.py
compact	arcaeon_compact/selftest.py	arcaeon/prove/compact/selftest.py
continuity	arcaeon_continuity/__init__.py	arcaeon/prove/continuity/__init__.py
continuity	arcaeon_continuity/__main__.py	arcaeon/prove/continuity/__main__.py
continuity	arcaeon_continuity/_ledger.py	(dropped: duplicate)
continuity	arcaeon_continuity/calibration.py	arcaeon/prove/continuity/calibration.py
continuity	arcaeon_continuity/calibration_fixtures.jsonl	arcaeon/prove/continuity/calibration_fixtures.jsonl
continuity	arcaeon_continuity/mcp_server.py	arcaeon/prove/continuity/mcp_server.py
continuity	arcaeon_continuity/selftest.py	arcaeon/prove/continuity/selftest.py
baseline	arcaeon_baseline/__init__.py	arcaeon/prove/baseline/__init__.py
baseline	arcaeon_baseline/__main__.py	arcaeon/prove/baseline/__main__.py
baseline	arcaeon_baseline/cli.py	arcaeon/prove/baseline/cli.py
baseline	arcaeon_baseline/runner.py	arcaeon/prove/baseline/runner.py
baseline	arcaeon_baseline/scoring.py	arcaeon/prove/baseline/scoring.py
baseline	arcaeon_baseline/selftest.py	arcaeon/prove/baseline/selftest.py
vet	mcp_vet/__init__.py	arcaeon/prove/vet/__init__.py
vet	mcp_vet/__main__.py	arcaeon/prove/vet/__main__.py
vet	mcp_vet/badge.py	arcaeon/prove/vet/badge.py
vet	mcp_vet/badge_cli.py	arcaeon/prove/vet/badge_cli.py
vet	mcp_vet/checks.py	arcaeon/prove/vet/checks.py
vet	mcp_vet/dynamic_checks.py	arcaeon/prove/vet/dynamic_checks.py
vet	mcp_vet/fixture_census.py	arcaeon/prove/vet/fixture_census.py
vet	mcp_vet/gate_drift.py	arcaeon/prove/vet/gate_drift.py
vet	mcp_vet/grade.py	arcaeon/prove/vet/grade.py
vet	mcp_vet/instrument.py	arcaeon/prove/vet/instrument.py
vet	mcp_vet/probe.py	arcaeon/prove/vet/probe.py
vet	mcp_vet/receipts.py	arcaeon/prove/vet/receipts.py
vet	mcp_vet/server.py	arcaeon/prove/vet/server.py
vet	mcp_vet/service.py	arcaeon/prove/vet/service.py
vet	mcp_vet/ts_checks.py	arcaeon/prove/vet/ts_checks.py
vet	mcp_vet/verify_page.py	arcaeon/prove/vet/verify_page.py
dedup	arcaeon_dedup/__init__.py	arcaeon/save/dedup/__init__.py
distill	arcaeon_distill/__init__.py	arcaeon/save/distill/__init__.py
distill	arcaeon_distill/_ledger.py	(dropped: duplicate)
distill	arcaeon_distill/mcp_server.py	arcaeon/save/distill/mcp_server.py
distill	arcaeon_distill/selftest.py	arcaeon/save/distill/selftest.py
meter	arcaeon_meter/__init__.py	arcaeon/save/meter/__init__.py
meter	arcaeon_meter/__main__.py	arcaeon/save/meter/__main__.py
meter	arcaeon_meter/asgi.py	arcaeon/save/meter/asgi.py
meter	arcaeon_meter/cli.py	arcaeon/save/meter/cli.py
meter	arcaeon_meter/keys.py	arcaeon/save/meter/keys.py
connector	arcaeon_connector/__init__.py	arcaeon/mcp/__init__.py
connector	arcaeon_connector/__main__.py	arcaeon/mcp/__main__.py
connector	arcaeon_connector/licensing.py	arcaeon/remote/licensing.py
connector	arcaeon_connector/offers.py	arcaeon/remote/offers.py
connector	arcaeon_connector/sealed_scan.py	arcaeon/remote/sealed_scan.py
connector	arcaeon_connector/server.py	arcaeon/mcp/server.py
connector	arcaeon_connector/witness.py	arcaeon/remote/witness.py
ledger_mcp	arcaeon_ledger_mcp/__init__.py	(dropped: duplicate)
ledger_mcp	arcaeon_ledger_mcp/server.py	arcaeon/mcp/ledger_server.py
